IP,Hostname
192.168.122.197,N/A
23.32.177.81,a23-32-177-81.deploy.static.akamaitechnologies.com
192.168.122.197,N/A
192.168.122.197,N/A
192.168.122.1,N/A
192.168.122.1,N/A
192.168.122.197,N/A
192.168.122.197,N/A
192.168.122.197,N/A
192.168.122.197,N/A
192.168.122.197,N/A
192.168.122.197,N/A
192.168.122.197,N/A
108.158.228.47,server-108-158-228-47.del51.r.cloudfront.net
108.158.228.47,server-108-158-228-47.del51.r.cloudfront.net
108.158.228.47,server-108-158-228-47.del51.r.cloudfront.net
108.158.228.47,server-108-158-228-47.del51.r.cloudfront.net
108.158.228.47,server-108-158-228-47.del51.r.cloudfront.net
108.158.228.47,server-108-158-228-47.del51.r.cloudfront.net
192.168.122.197,N/A
44.215.135.131,ec2-44-215-135-131.compute-1.amazonaws.com
192.168.122.197,N/A
54.247.6.134,ec2-54-247-6-134.eu-west-1.compute.amazonaws.com
192.168.122.197,N/A
13.35.222.59,server-13-35-222-59.del54.r.cloudfront.net
192.168.122.197,N/A
192.168.122.197,N/A
180.149.59.144,N/A
180.149.59.144,N/A
192.168.122.197,N/A
142.250.186.170,fra24s08-in-f10.1e100.net
142.250.186.170,fra24s08-in-f10.1e100.net
192.168.122.197,N/A
192.168.122.197,N/A
142.250.183.195,bom07s33-in-f3.1e100.net
142.250.183.195,bom07s33-in-f3.1e100.net
192.168.122.197,N/A
52.94.222.127,N/A
192.168.122.197,N/A
192.168.122.197,N/A
192.168.122.197,N/A
192.168.122.197,N/A
13.35.191.2,server-13-35-191-2.del54.r.cloudfront.net
192.168.122.197,N/A
192.168.122.197,N/A
192.168.122.197,N/A
18.164.237.50,server-18-164-237-50.del54.r.cloudfront.net
18.164.237.50,server-18-164-237-50.del54.r.cloudfront.net
192.168.122.197,N/A
192.168.122.197,N/A
192.168.122.197,N/A
67.220.224.105,N/A
151.101.157.51,N/A
67.220.224.105,N/A
67.220.224.105,N/A
151.101.157.51,N/A
52.16.32.113,ec2-52-16-32-113.eu-west-1.compute.amazonaws.com
192.168.122.197,N/A
108.158.229.139,server-108-158-229-139.del51.r.cloudfront.net
18.164.246.94,server-18-164-246-94.del54.r.cloudfront.net
192.168.122.197,N/A
192.168.122.197,N/A
192.168.122.197,N/A
192.168.122.197,N/A
18.164.246.94,server-18-164-246-94.del54.r.cloudfront.net
192.168.122.197,N/A
192.168.122.197,N/A
108.158.64.144,server-108-158-64-144.bom78.r.cloudfront.net
67.220.224.105,N/A
67.220.224.105,N/A
67.220.224.105,N/A
192.168.122.197,N/A
67.220.224.105,N/A
192.168.122.197,N/A
52.16.32.113,ec2-52-16-32-113.eu-west-1.compute.amazonaws.com
52.94.222.127,N/A
192.168.122.197,N/A
192.168.122.197,N/A
192.168.122.197,N/A
67.220.224.105,N/A
192.168.122.197,N/A
52.94.220.185,N/A
142.250.186.170,fra24s08-in-f10.1e100.net
142.250.186.170,fra24s08-in-f10.1e100.net
192.168.122.197,N/A
192.168.122.197,N/A
18.66.40.93,server-18-66-40-93.bom78.r.cloudfront.net
54.192.166.121,server-54-192-166-121.del51.r.cloudfront.net
192.168.122.197,N/A
34.120.115.102,102.115.120.34.bc.googleusercontent.com
192.168.122.197,N/A
192.168.122.197,N/A
13.35.218.96,server-13-35-218-96.del54.r.cloudfront.net
18.66.63.119,server-18-66-63-119.del51.r.cloudfront.net
192.168.122.197,N/A
192.168.122.197,N/A
192.168.122.197,N/A
192.168.122.197,N/A
192.168.122.197,N/A
192.168.122.197,N/A
192.168.122.197,N/A
192.168.122.197,N/A
192.168.122.197,N/A
192.168.122.197,N/A
35.186.196.148,148.196.186.35.bc.googleusercontent.com
192.168.122.197,N/A
192.168.122.1,N/A
180.149.59.147,N/A
180.149.59.147,N/A
192.168.122.197,N/A
13.228.126.19,ec2-13-228-126-19.ap-southeast-1.compute.amazonaws.com
192.168.122.197,N/A
192.168.122.197,N/A
103.195.32.131,ingress-01-pub-prod-sg1.vip.dailymotion.com
192.168.122.197,N/A
192.168.122.197,N/A
192.168.122.197,N/A
34.111.79.67,67.79.111.34.bc.googleusercontent.com
35.190.24.218,218.24.190.35.bc.googleusercontent.com
192.168.122.197,N/A
192.168.122.197,N/A
192.168.122.197,N/A
192.168.122.197,N/A
192.168.122.197,N/A
192.168.122.197,N/A
192.168.122.197,N/A
192.168.122.197,N/A
192.168.122.197,N/A
192.168.122.197,N/A
192.168.122.197,N/A
192.168.122.197,N/A
192.168.122.197,N/A
65.0.153.54,ec2-65-0-153-54.ap-south-1.compute.amazonaws.com
192.168.122.197,N/A
34.98.64.218,218.64.98.34.bc.googleusercontent.com
34.98.64.218,218.64.98.34.bc.googleusercontent.com
35.71.178.8,ade9ecc7904667038.awsglobalaccelerator.com
31.13.79.35,edge-star-mini-shv-02-bom1.facebook.com
3.1.137.74,ec2-3-1-137-74.ap-southeast-1.compute.amazonaws.com
3.1.137.74,ec2-3-1-137-74.ap-southeast-1.compute.amazonaws.com
23.90.68.235,N/A
192.168.122.197,N/A
35.213.12.39,39.12.213.35.bc.googleusercontent.com
192.168.122.197,N/A
192.229.221.95,N/A
35.186.194.101,101.194.186.35.bc.googleusercontent.com
207.65.33.82,N/A
67.199.150.81,N/A
23.106.127.39,N/A
192.168.122.197,N/A
192.168.122.197,N/A
23.212.233.24,a23-212-233-24.deploy.static.akamaitechnologies.com
172.217.160.194,bom07s16-in-f2.1e100.net
172.217.160.194,bom07s16-in-f2.1e100.net
213.19.162.90,N/A
213.19.162.80,N/A
3.114.95.219,ec2-3-114-95-219.ap-northeast-1.compute.amazonaws.com
34.250.36.253,ec2-34-250-36-253.eu-west-1.compute.amazonaws.com
192.168.122.197,N/A
192.168.122.197,N/A
192.229.221.95,N/A
192.168.122.197,N/A
104.18.15.101,N/A
44.194.103.132,ec2-44-194-103-132.compute-1.amazonaws.com
192.168.122.197,N/A
192.229.221.95,N/A
192.168.122.197,N/A
192.229.221.95,N/A
3.212.219.210,ec2-3-212-219-210.compute-1.amazonaws.com
192.168.122.197,N/A
104.18.14.101,N/A
192.168.122.197,N/A
192.168.122.197,N/A
192.168.122.197,N/A
65.1.222.254,ec2-65-1-222-254.ap-south-1.compute.amazonaws.com
192.168.122.197,N/A
192.168.122.197,N/A
119.9.108.180,N/A
54.201.89.139,ec2-54-201-89-139.us-west-2.compute.amazonaws.com
185.84.60.29,N/A
23.90.68.235,N/A
192.168.122.197,N/A
18.66.53.75,server-18-66-53-75.bom78.r.cloudfront.net
192.168.122.197,N/A
192.229.221.95,N/A
52.94.220.185,N/A
23.90.68.235,N/A
192.168.122.197,N/A
192.229.221.95,N/A
192.168.122.197,N/A
34.212.5.23,ec2-34-212-5-23.us-west-2.compute.amazonaws.com
185.84.60.29,N/A
54.201.89.139,ec2-54-201-89-139.us-west-2.compute.amazonaws.com
34.212.5.23,ec2-34-212-5-23.us-west-2.compute.amazonaws.com
192.168.122.197,N/A
192.168.122.197,N/A
192.168.122.197,N/A
192.168.122.197,N/A
108.158.57.57,server-108-158-57-57.bom78.r.cloudfront.net
108.158.57.57,server-108-158-57-57.bom78.r.cloudfront.net
108.158.57.57,server-108-158-57-57.bom78.r.cloudfront.net
192.168.122.197,N/A
192.168.122.197,N/A
192.168.122.197,N/A
192.168.122.197,N/A
142.250.183.195,bom07s33-in-f3.1e100.net
142.250.183.195,bom07s33-in-f3.1e100.net
52.46.151.131,N/A
192.168.122.197,N/A
142.250.183.195,bom07s33-in-f3.1e100.net
192.168.122.197,N/A
192.168.122.197,N/A
192.168.122.197,N/A
104.18.14.101,N/A
192.168.122.197,N/A
52.94.220.185,N/A
192.168.122.197,N/A
192.168.122.197,N/A
192.168.122.197,N/A
103.43.90.19,595.bm-nginx-loadbalancer.mgmt.sin3.adnexus.net
52.46.151.131,N/A
192.168.122.197,N/A
52.94.220.185,N/A
192.168.122.197,N/A
13.35.222.59,server-13-35-222-59.del54.r.cloudfront.net
192.168.122.197,N/A
192.168.122.197,N/A
192.124.249.22,cloudproxy10022.sucuri.net
18.194.35.23,ec2-18-194-35-23.eu-central-1.compute.amazonaws.com
192.168.122.197,N/A
52.94.220.185,N/A
103.43.90.19,595.bm-nginx-loadbalancer.mgmt.sin3.adnexus.net
192.168.122.197,N/A
192.168.122.197,N/A
192.124.249.22,cloudproxy10022.sucuri.net
192.168.122.197,N/A
52.94.220.185,N/A
103.43.90.19,595.bm-nginx-loadbalancer.mgmt.sin3.adnexus.net
192.168.122.197,N/A
104.18.21.226,N/A
192.168.122.197,N/A
45.113.131.2,N/A
52.46.151.131,N/A
23.90.68.235,N/A
192.168.122.197,N/A
103.43.90.19,595.bm-nginx-loadbalancer.mgmt.sin3.adnexus.net
34.212.5.23,ec2-34-212-5-23.us-west-2.compute.amazonaws.com
23.90.68.235,N/A
192.168.122.197,N/A
192.168.122.197,N/A
10.0.2.15,N/A
20.189.173.6,N/A
192.168.122.197,N/A
192.168.122.197,N/A
192.168.122.197,N/A
34.117.237.239,239.237.117.34.bc.googleusercontent.com
34.117.65.55,55.65.117.34.bc.googleusercontent.com
34.149.100.209,209.100.149.34.bc.googleusercontent.com
104.82.203.184,a104-82-203-184.deploy.static.akamaitechnologies.com
104.82.203.184,a104-82-203-184.deploy.static.akamaitechnologies.com
192.168.122.197,N/A
192.168.122.197,N/A
172.217.174.232,bom12s03-in-f8.1e100.net
35.190.14.188,188.14.190.35.bc.googleusercontent.com
192.168.122.197,N/A
142.250.183.40,bom12s11-in-f8.1e100.net
192.168.122.197,N/A
192.168.122.197,N/A
192.168.122.197,N/A
192.168.122.197,N/A
192.168.122.197,N/A
192.168.122.197,N/A
192.168.122.197,N/A
23.32.176.12,a23-32-176-12.deploy.static.akamaitechnologies.com
23.32.176.12,a23-32-176-12.deploy.static.akamaitechnologies.com
23.32.176.12,a23-32-176-12.deploy.static.akamaitechnologies.com
23.32.176.12,a23-32-176-12.deploy.static.akamaitechnologies.com
23.32.176.12,a23-32-176-12.deploy.static.akamaitechnologies.com
23.32.176.12,a23-32-176-12.deploy.static.akamaitechnologies.com
23.32.176.12,a23-32-176-12.deploy.static.akamaitechnologies.com
192.168.122.197,N/A
192.168.122.197,N/A
67.220.224.105,N/A
67.220.224.105,N/A
192.168.122.197,N/A
192.168.122.197,N/A
104.82.203.184,a104-82-203-184.deploy.static.akamaitechnologies.com
104.82.203.184,a104-82-203-184.deploy.static.akamaitechnologies.com
192.168.122.197,N/A
192.168.122.197,N/A
35.241.3.184,184.3.241.35.bc.googleusercontent.com
35.241.3.184,184.3.241.35.bc.googleusercontent.com
192.168.122.197,N/A
192.168.122.197,N/A
192.168.122.197,N/A
192.168.122.197,N/A
192.168.122.197,N/A
34.120.238.166,166.238.120.34.bc.googleusercontent.com
34.120.238.166,166.238.120.34.bc.googleusercontent.com
35.201.111.240,240.111.201.35.bc.googleusercontent.com
192.168.122.197,N/A
13.107.21.200,N/A
192.168.122.197,N/A
192.168.122.197,N/A
192.168.122.197,N/A
192.168.122.197,N/A
151.101.1.195,N/A
35.190.0.66,66.0.190.35.bc.googleusercontent.com
27.123.43.205,e2-ha.ycpi.inb.yahoo.com
178.250.7.2,N/A
192.168.122.197,N/A
35.201.93.216,216.93.201.35.bc.googleusercontent.com
192.168.122.197,N/A
34.95.108.180,180.108.95.34.bc.googleusercontent.com
192.168.122.197,N/A
142.250.192.4,bom12s14-in-f4.1e100.net
35.201.111.240,240.111.201.35.bc.googleusercontent.com
142.250.192.4,bom12s14-in-f4.1e100.net
192.168.122.197,N/A
192.168.122.197,N/A
142.250.183.195,bom07s33-in-f3.1e100.net
27.123.43.205,e2-ha.ycpi.inb.yahoo.com
192.168.122.197,N/A
192.168.122.197,N/A
216.239.32.181,N/A
142.250.183.3,bom07s30-in-f3.1e100.net
192.168.122.197,N/A
192.168.122.197,N/A
35.190.80.55,55.80.190.35.bc.googleusercontent.com
35.190.80.55,55.80.190.35.bc.googleusercontent.com
192.168.122.197,N/A
192.168.122.197,N/A
192.168.122.197,N/A
192.168.122.197,N/A
192.168.122.197,N/A
192.168.122.197,N/A
31.13.79.35,edge-star-mini-shv-02-bom1.facebook.com
142.250.66.2,bom07s35-in-f2.1e100.net
142.250.66.2,bom07s35-in-f2.1e100.net
142.250.192.102,bom12s17-in-f6.1e100.net
192.168.122.197,N/A
192.168.122.197,N/A
31.13.79.26,xx-fbcdn-shv-02-bom1.fbcdn.net
74.125.200.156,sa-in-f156.1e100.net
192.168.122.197,N/A
192.168.122.197,N/A
192.168.122.197,N/A
192.168.122.197,N/A
107.178.244.119,119.244.178.107.bc.googleusercontent.com
108.158.56.121,server-108-158-56-121.bom78.r.cloudfront.net
192.168.122.197,N/A
142.250.66.2,bom07s35-in-f2.1e100.net
103.132.192.30,ip-103-132-192-30.rtbhouse.net
103.132.192.30,ip-103-132-192-30.rtbhouse.net
106.10.236.146,spdc.pbp.vip.sg3.yahoo.com
106.10.236.146,spdc.pbp.vip.sg3.yahoo.com
192.168.122.197,N/A
108.159.61.32,server-108-159-61-32.bom78.r.cloudfront.net
192.168.122.197,N/A
192.168.122.197,N/A
103.102.166.224,text-lb.eqsin.wikimedia.org
52.59.131.50,ec2-52-59-131-50.eu-central-1.compute.amazonaws.com
192.168.122.197,N/A
192.168.122.197,N/A
142.250.183.162,bom07s32-in-f2.1e100.net
50.116.239.135,N/A
192.168.122.197,N/A
192.168.122.197,N/A
192.168.122.197,N/A
192.168.122.197,N/A
192.168.122.197,N/A
192.168.122.197,N/A
192.168.122.197,N/A
192.168.122.197,N/A
192.168.122.197,N/A
192.168.122.197,N/A
172.217.160.194,bom07s16-in-f2.1e100.net
172.217.160.194,bom07s16-in-f2.1e100.net
3.33.220.150,a12b7a488abeaa9e4.awsglobalaccelerator.com
172.217.160.194,bom07s16-in-f2.1e100.net
3.18.180.152,ec2-3-18-180-152.us-east-2.compute.amazonaws.com
207.65.33.82,N/A
203.195.121.142,N/A
185.15.58.240,upload-lb.drmrs.wikimedia.org
18.196.227.200,ec2-18-196-227-200.eu-central-1.compute.amazonaws.com
192.168.122.197,N/A
192.168.122.197,N/A
192.168.122.197,N/A
192.168.122.197,N/A
192.168.122.197,N/A
213.19.162.80,N/A
142.250.67.226,bom07s24-in-f2.1e100.net
192.168.122.197,N/A
54.229.130.135,ec2-54-229-130-135.eu-west-1.compute.amazonaws.com
192.168.122.197,N/A
192.168.122.197,N/A
192.168.122.197,N/A
103.43.90.117,617.bm-nginx-loadbalancer.mgmt.sin3.adnexus.net
103.43.90.117,617.bm-nginx-loadbalancer.mgmt.sin3.adnexus.net
103.43.90.117,617.bm-nginx-loadbalancer.mgmt.sin3.adnexus.net
104.118.20.224,a104-118-20-224.deploy.static.akamaitechnologies.com
103.43.90.117,617.bm-nginx-loadbalancer.mgmt.sin3.adnexus.net
103.43.90.117,617.bm-nginx-loadbalancer.mgmt.sin3.adnexus.net
103.43.90.117,617.bm-nginx-loadbalancer.mgmt.sin3.adnexus.net
192.168.122.197,N/A
192.168.122.197,N/A
18.161.83.157,server-18-161-83-157.bna50.r.cloudfront.net
18.161.83.157,server-18-161-83-157.bna50.r.cloudfront.net
192.168.122.197,N/A
192.168.122.197,N/A
96.16.109.64,a96-16-109-64.deploy.static.akamaitechnologies.com
96.16.109.64,a96-16-109-64.deploy.static.akamaitechnologies.com
192.168.122.197,N/A
182.161.73.136,N/A
192.168.122.197,N/A
182.161.73.136,N/A
192.168.122.197,N/A
192.168.122.197,N/A
192.168.122.1,N/A
192.168.122.1,N/A
192.168.122.197,N/A
192.168.122.1,N/A
192.168.122.197,N/A
192.168.122.1,N/A
192.168.122.197,N/A
192.168.122.197,N/A
116.213.23.42,N/A
116.213.23.25,N/A
192.168.122.197,N/A
192.168.122.197,N/A
34.102.175.117,117.175.102.34.bc.googleusercontent.com
34.102.175.117,117.175.102.34.bc.googleusercontent.com
192.168.122.197,N/A
182.161.73.146,N/A
192.168.122.197,N/A
35.186.212.60,60.212.186.35.bc.googleusercontent.com
192.168.122.197,N/A
192.168.122.197,N/A
44.232.249.159,ec2-44-232-249-159.us-west-2.compute.amazonaws.com
192.168.122.197,N/A
172.217.174.78,bom07s25-in-f14.1e100.net
44.232.249.159,ec2-44-232-249-159.us-west-2.compute.amazonaws.com
192.168.122.197,N/A
192.168.122.197,N/A
192.168.122.197,N/A
192.168.122.197,N/A
142.250.75.246,par10s41-in-f22.1e100.net
172.217.171.234,mrs09s07-in-f10.1e100.net
142.250.75.246,par10s41-in-f22.1e100.net
172.217.171.234,mrs09s07-in-f10.1e100.net
192.168.122.197,N/A
142.250.182.195,bom07s28-in-f3.1e100.net
192.168.122.197,N/A
142.250.67.237,bom07s24-in-f13.1e100.net
192.168.122.197,N/A
142.250.192.4,bom12s14-in-f4.1e100.net
192.168.122.197,N/A
142.250.66.2,bom07s35-in-f2.1e100.net
192.168.122.197,N/A
192.168.122.197,N/A
142.250.182.195,bom07s28-in-f3.1e100.net
142.250.182.195,bom07s28-in-f3.1e100.net
192.168.122.197,N/A
192.168.122.197,N/A
192.168.122.197,N/A
192.168.122.197,N/A
192.168.122.197,N/A
142.250.182.195,bom07s28-in-f3.1e100.net
142.250.182.195,bom07s28-in-f3.1e100.net
192.168.122.197,N/A
192.168.122.197,N/A
192.168.122.197,N/A
192.168.122.197,N/A
192.168.122.197,N/A
192.168.122.197,N/A
142.250.183.129,bom07s31-in-f1.1e100.net
142.250.183.129,bom07s31-in-f1.1e100.net
142.250.183.129,bom07s31-in-f1.1e100.net
142.250.183.129,bom07s31-in-f1.1e100.net
142.250.183.129,bom07s31-in-f1.1e100.net
192.168.122.197,N/A
192.168.122.197,N/A
192.168.122.197,N/A
142.250.200.195,mrs08s17-in-f3.1e100.net
192.168.122.197,N/A
192.168.122.197,N/A
142.250.183.195,bom07s33-in-f3.1e100.net
142.250.200.195,mrs08s17-in-f3.1e100.net
142.250.200.195,mrs08s17-in-f3.1e100.net
142.250.200.195,mrs08s17-in-f3.1e100.net
142.250.200.195,mrs08s17-in-f3.1e100.net
142.250.200.195,mrs08s17-in-f3.1e100.net
142.250.200.195,mrs08s17-in-f3.1e100.net
142.250.200.195,mrs08s17-in-f3.1e100.net
192.168.122.197,N/A
192.168.122.197,N/A
142.250.192.4,bom12s14-in-f4.1e100.net
142.250.183.3,bom07s30-in-f3.1e100.net
192.168.122.197,N/A
52.223.40.198,a6370ebea231e0c9a.awsglobalaccelerator.com
192.168.122.197,N/A
192.168.122.197,N/A
13.107.21.200,N/A
18.193.242.26,ec2-18-193-242-26.eu-central-1.compute.amazonaws.com
192.168.122.197,N/A
3.37.248.37,ec2-3-37-248-37.ap-northeast-2.compute.amazonaws.com
192.168.122.197,N/A
192.168.122.197,N/A
192.168.122.197,N/A
192.168.122.197,N/A
192.168.122.197,N/A
192.168.122.197,N/A
192.168.122.1,N/A
192.168.122.197,N/A
192.168.122.197,N/A
192.168.122.197,N/A
192.168.122.197,N/A
192.168.122.197,N/A
192.168.122.197,N/A
192.168.122.197,N/A
52.223.2.229,ade9ecc7904667038.awsglobalaccelerator.com
192.168.122.197,N/A
192.168.122.197,N/A
180.149.59.147,N/A
192.168.122.197,N/A
35.190.60.146,146.60.190.35.bc.googleusercontent.com
13.228.126.19,ec2-13-228-126-19.ap-southeast-1.compute.amazonaws.com
192.168.122.197,N/A
18.138.28.124,ec2-18-138-28-124.ap-southeast-1.compute.amazonaws.com
192.168.122.197,N/A
192.168.122.197,N/A
192.168.122.197,N/A
52.50.63.74,ec2-52-50-63-74.eu-west-1.compute.amazonaws.com
202.241.208.2,N/A
52.193.101.23,ec2-52-193-101-23.ap-northeast-1.compute.amazonaws.com
35.213.12.39,39.12.213.35.bc.googleusercontent.com
192.168.122.197,N/A
108.159.80.98,server-108-159-80-98.bom78.r.cloudfront.net
207.65.33.82,N/A
23.106.127.164,N/A
104.118.20.224,a104-118-20-224.deploy.static.akamaitechnologies.com
180.149.52.211,N/A
192.168.122.197,N/A
103.43.90.117,617.bm-nginx-loadbalancer.mgmt.sin3.adnexus.net
124.146.215.50,N/A
192.168.122.197,N/A
192.168.122.197,N/A
192.168.122.197,N/A
192.168.122.197,N/A
192.168.122.197,N/A
192.168.122.197,N/A
23.32.176.28,a23-32-176-28.deploy.static.akamaitechnologies.com
23.108.98.2,N/A
66.225.223.95,sa.outbrain.com
13.228.49.244,ec2-13-228-49-244.ap-southeast-1.compute.amazonaws.com
192.168.122.197,N/A
54.246.192.162,ec2-54-246-192-162.eu-west-1.compute.amazonaws.com
192.168.122.197,N/A
141.226.231.48,N/A
103.43.89.4,839.bm-nginx-loadbalancer.mgmt.sin3.adnexus.net
192.168.122.197,N/A
182.161.73.146,N/A
103.43.90.117,617.bm-nginx-loadbalancer.mgmt.sin3.adnexus.net
23.90.68.235,N/A
103.43.89.4,839.bm-nginx-loadbalancer.mgmt.sin3.adnexus.net
124.146.215.50,N/A
66.225.223.95,sa.outbrain.com
192.168.122.197,N/A
192.229.221.95,N/A
141.226.231.48,N/A
192.168.122.197,N/A
192.168.122.197,N/A
192.168.122.197,N/A
216.58.203.10,bom12s04-in-f10.1e100.net
216.58.203.10,hkg12s09-in-f10.1e100.net
142.250.199.166,bom07s37-in-f6.1e100.net
192.168.122.197,N/A
192.168.122.197,N/A
142.251.42.106,bom07s45-in-f10.1e100.net
104.26.4.103,N/A
192.168.122.197,N/A
142.250.183.110,bom12s13-in-f14.1e100.net
192.168.122.197,N/A
192.124.249.13,cloudproxy10013.sucuri.net
192.168.122.197,N/A
192.124.249.36,cloudproxy10036.sucuri.net
192.168.122.197,N/A
192.168.122.197,N/A
192.124.249.13,cloudproxy10013.sucuri.net
192.124.249.13,cloudproxy10013.sucuri.net
192.168.122.197,N/A
180.149.52.211,N/A
192.168.122.197,N/A
192.168.122.197,N/A
192.168.122.197,N/A
192.168.122.197,N/A
142.250.182.195,bom07s28-in-f3.1e100.net
142.250.182.195,bom07s28-in-f3.1e100.net
192.168.122.197,N/A
142.250.199.174,bom07s37-in-f14.1e100.net
172.217.171.234,mrs09s07-in-f10.1e100.net
172.217.171.234,mrs09s07-in-f10.1e100.net
192.168.122.197,N/A
23.37.240.101,a23-37-240-101.deploy.static.akamaitechnologies.com
192.168.122.197,N/A
192.168.122.197,N/A
142.250.183.40,bom12s11-in-f8.1e100.net
74.125.200.157,sa-in-f157.1e100.net
192.168.122.197,N/A
192.168.122.197,N/A
142.250.183.3,bom07s30-in-f3.1e100.net
142.250.192.4,bom12s14-in-f4.1e100.net
192.168.122.197,N/A
216.239.34.181,N/A
192.168.122.197,N/A
182.161.73.142,N/A
192.168.122.197,N/A
192.168.122.197,N/A
142.250.183.14,bom07s30-in-f14.1e100.net
142.250.183.14,bom07s30-in-f14.1e100.net
